{"cameraMode":{"drawMode":0,"name":"Shaded","section":"Shading Mode"},"sceneLighting":true,"audioPlay":false,"sceneViewState":{"m_AlwaysRefresh":false,"showFog":true,"showSkybox":true,"showFlares":true,"showImageEffects":true,"showParticleSystems":true,"showVisualEffectGraphs":true,"m_FxEnabled":false},"in2DMode":false,"pivot":{"x":460.1222229003906,"y":249.05892944335938,"z":-71.52628326416016},"rotation":{"x":0.16181395947933198,"y":-0.10694263875484467,"z":0.017642341554164888,"w":0.9808533787727356},"size":38.81351852416992,"orthographic":false}